RXN-8042,0
DEOXYADENOSINE-KINASE-RXN,0
GPH-RXN,0
RXN-20617,0
METHYLMALONYL-COA-EPIM-RXN,1.000000e+00
RXN-20642,0
RXN-12463,0
QUINOPRIBOTRANS-RXN,0
ALLANTOINASE-RXN,0
AMINEPHEN-RXN,0
RXN-8023,1
1TRANSKETO-RXN,1
RXN-12412,1
PYRUVATE-CARBOXYLASE-RXN,1.000000e+00
RXN0-2161,0
D-AMINO-ACID-OXIDASE-RXN,0
1.1.1.283-RXN,0
RXN-12393,0
1.5.1.20-RXN,1
GLUTAMINE--TRNA-LIGASE-RXN,0
RXN-14367,0
PSII-RXN,1
AICARTRANSFORM-RXN,1.000000e+00
RXN-MG-PROTOPORPHYRIN-METHYLESTER-SYN,1.000000e+00
GLUCURONATE-REDUCTASE-RXN,0
RXN-20042,0
RXN-20550,0
MALSYN-RXN,1
ADENYLOSUCCINATE-SYNTHASE-RXN,1
ALANINE--TRNA-LIGASE-RXN,0
RXN-11397,0
GLUCOSAMINE-KINASE-RXN,0
RXN-11838,0
THYKI-RXN,0
RXN-19570,0
MACROCIN-O-METHYLTRANSFERASE-RXN,0
RXN-20558,0
RXN-10961,0
RXN0-7068,0
RXN66-343,0
1-PHOSPHATIDYLINOSITOL-3-KINASE-RXN,0
CYCLOEUCALENOL-CYCLOISOMERASE-RXN,0
THIOL-OXIDASE-RXN,0
3.1.6.14-RXN,0
RXN-5466,0
ADENOSYLHOMOCYSTEINASE-RXN,1.000000e+00
CORTISONE-ALPHA-REDUCTASE-RXN,0
THREODEHYD-RXN,1
RXN-17245,0
RXN-13306,0
RXN-8368,0
GDPPYPHOSKIN-RXN,0
RXN-15133,0
RXN-12296,0
ACETYLPUTRESCINE-DEACETYLASE-RXN,0
FPPSYN-RXN,1
RXN4FS-13,0
SUCCINATE-SEMIALDEHYDE-DEHYDROGENASE-RXN,0
RXN-8310,0
RXN-8340,0
RXN-11750,0
RXN-7665,0
CDPDIGLYSYN-RXN,0
RXN-18952,0
P-PANTOCYSDECARB-RXN,0
RXN-15559,0
RXN-13643,0
RXN-9772,0
RXN-11213,0
IMP-DEHYDROG-RXN,1
3-HYDROXYISOBUTYRATE-DEHYDROGENASE-RXN,0
RXN-11186,0
RXN1G-1438,0
DTDPKIN-RXN,1
RXN-8262,0
5-METHYLTHIORIBOSE-KINASE-RXN,0
RXN-16511,0
RXN-19768,0
IGPSYN-RXN,1
RXN-12131,0
RXN-4465,0
RXN0-5186,0
RXNQT-4338,0
RXN-10717,0
2.1.1.140-RXN,0
RXN1F-170,0
DIPHTINE--AMMONIA-LIGASE-RXN,0
RXN-14929,0
RXN-20242,0
RXN-12088,0
NAPHTHOATE-SYN-RXN,0
ARGSUCCINSYN-RXN,0
ASPARAGHYD-RXN,0
RXN-17889,0
NAD-SYNTH-GLN-RXN,0
RXN-37,0
RXN0-361,0
RXNQT-4165,0
R146-RXN,0
RXN-20687,0
RXN-12520,0
RXN-8053,0
RXNQT-4173,0
DIACYLGLYKIN-RXN,0
RXN-12002,1
VALINE--TRNA-LIGASE-RXN,0
2.7.7.13-RXN,0
RXN-3422,0
RXN-12502,0
RXN-18741,0
ANTHRANSYN-RXN,1
DCTP-PYROPHOSPHATASE-RXN,1
RXN-17856,0
RXN-15842,0
RXN-16314,0
RXN-8038,0
RXN-11486,0
RXN-16881,0
ALLANTOATE-DEIMINASE-RXN,0
RXN-16854,0
1.1.1.8-RXN,1
RXN-17809,0
RXN-2562,0
RXN-18259,0
ALLYL-ALCOHOL-DEHYDROGENASE-RXN,0
RXN-16272,0
RXN-11026,0
RXN0-7349,0
GLUTDECARBOX-RXN,0
MERCAPYSTRANS-RXN,0
PYRAZIN-RXN,0
1.5.1.11-RXN,0
RXN-19576,0
GLUTAMIDOTRANS-RXN,1
RXN-8452,0
RXN-11856,0
RXN-20065,0
PROSTAGLANDIN-E-SYNTHASE-RXN,0
ADENPRIBOSYLTRAN-RXN,0
RXN-11835,0
THRESYN-RXN,1
RXN-17252,0
POLYNUCLEOTIDE-5-PHOSPHATASE-RXN,0
PROGESTERONE-5-ALPHA-REDUCTASE-RXN,0
--MENTHOL-DEHYDROGENASE-RXN,0
THIOESTER-RXN,0
RXN-17231,0
LUMAZINESYN-RXN,0
RXN-15205,0
PPGPPSYN-RXN,0
RXN-5462,0
ADENOSINE-KINASE-RXN,1.000000e+00
CHORPYRLY-RXN,0
RXN-11357,0
GAPOXNPHOSPHN-RXN,1.000000e+00
LEUCINE--TRNA-LIGASE-RXN,0
THIOSULFATE-SULFURTRANSFERASE-RXN,0
RXN-17242,0
RXN-9344,0
RXN-5471,0
RXN-13303,0
RXN-8365,0
GDPKIN-RXN,1.000000e+00
3.1.3.56-RXN,0
RXN-14715,0
RXN-12293,0
RXN-13285,0
FUMARYLACETOACETASE-RXN,0
RXN-11783,0
RXN-1224,0
PHOSPHAGLYPSYN-RXN,0
RXN0-6562,0
RXN66-14,0
RXN-15089,0
7KAPSYN-RXN,0
dRXN_RXN-8307_CHLOROPLAST,0
RIBOFLAVINSYNREDUC-RXN,0
RXN-10817,0
RXN-18504,0
RXN0-5410,0
RXN0-6427,0
RXN-19404,0
RXN-8287,0
FORMATETHFLIG-RXN,1
RXN-7678,1
RXN-19387,0
RXN-20374,0
RXN-13640,0
BETAGALACTOSID-RXN,0
RXN-18929,0
ISOCITRATE-DEHYDROGENASE-NAD+-RXN,0
RXN0-5195,0
RXN-18442,0
RXN1G-1435,0
RXN-16061,1.000000e+00
RXN-18912,0
3-ETHYLMALATE-SYNTHASE-RXN,0
ASPARTATE--TRNA-LIGASE-RXN,0
RXN-4443,0
4.4.1.14-RXN,0
HOMOGENTISATE-12-DIOXYGENASE-RXN,0
DIHYDROFOLATEREDUCT-RXN,1
ASPCARBTRANS-RXN,1
XYLULOKIN-RXN,0
R223-RXN,0
HISTPRATPHYD-RXN,1
RXN-7162,0
DGDPKIN-RXN,1
RXN-13536,0
RXN-17869,0
RXN-15403,0
RXN-19229,0
DEOXYADENYLATE-KINASE-RXN,0
GSAAMINOTRANS-RXN,1.000000e+00
RXNQT-4170,0
RXN-20644,0
2.7.4.24-RXN,0
RXN-17877,0
MYO-INOSITOL-1-PHOSPHATE-SYNTHASE-RXN,1
RXN0-3241,0
RXN-8025,0
RXN-17853,0
RXN0-884,1
2.7.1.140-RXN,0
RXN-18699,0
RXN-15352,0
RXN-7979,1.000000e+00
325-BISPHOSPHATE-NUCLEOTIDASE-RXN,0
RXN-11959,0
RXN-20594,0
RXN-2542,0
METHIONINE--TRNA-LIGASE-RXN,0
RXN0-2023,0
1.8.4.9-RXN,1
RXN-11928,0
PROTEIN-LYSINE-6-OXIDASE-RXN,0
3.5.1.52-RXN,0
RXN-7913,1
RXN-19572,0
RXN-13907,0
GLUTSEMIALDEHYDROG-RXN,1
TRNA-PSEUDOURIDINE-SYNTHASE-I-RXN,0
RXN-12395,0
RXN-8889,0
RXN-1727,0
RXN-11889,0
RXN-12374,0
RXN-9969,0
AIRS-RXN,1
RXN-10972,0
RXN-11832,1
PROCOLLAGEN-PROLINE-3-DIOXYGENASE-RXN,0
RXN-13308,0
RXN0-6981,0
GLUCOSAMINEPNACETYLTRANS-RXN,0
RXN-12299,0
ADDALT-RXN,0
RXN-13300,0
PHOSGLYPHOS-RXN,1
RXN-15135,0
RXN490-3616,0
RXN-20398,0
SUPEROX-DISMUT-RXN,0
RXN-12246,0
6.1.1.23-RXN,0
RXN-8304,0
RXN-15561,0
RXN-13724,0
RXN-11277,0
RXN3O-663,0
RXN-8313,0
RXN-15581,0
R83-RXN,0
RXN-10778,0
RXN-10823,0
RXN-18917,0
INOSINE-NUCLEOSIDASE-RXN,0
RXN-16049,0
5-OXOPROLINASE-ATP-HYDROLYSING-RXN,0
RXN-7607,0
RXN-18926,0
SHIKIMATE-KINASE-RXN,1
RXN-15011,0
RXN-10740,0
RXN-11638,0
RXN-8675,0
RXN-4314,0
RXN-15514,0
RXN1F-20,1.000000e+00
DUDPKIN-RXN,0
3-DEHYDROQUINATE-DEHYDRATASE-RXN,1
RXN-10699,0
HOMOCYSMETB12-RXN,1
2.7.9.3-RXN,0
RXN-8665,0
RXN-12544,0
RXN-18383,0
RXN0-5114,0
HOMOSERKIN-RXN,1
2.7.7.60-RXN,1
RXNQT-4175,0
DIAMINOPIMDECARB-RXN,1
H2PTEROATESYNTH-RXN,0
2.7.7.15-RXN,0
RXN-17913,0
RXN-12504,0
AROMATIC-L-AMINO-ACID-DECARBOXYLASE-RXN,0
RXN-19245,0
RXNQT-4141,0
DEPHOSPHOCOAKIN-RXN,0
RXNQT-4301,0
URIDINE-NUCLEOSIDASE-RXN,0
RXN-17858,0
RXN-17891,0
RXN-7184,0
RXN-8040,0
RXNQT-4167,0
GMP-SYN-NH3-RXN,0
GUANPRIBOSYLTRAN-RXN,0
UGD-RXN,0
UROPORIIIMETHYLTRANSA-RXN,0
RXN-17874,0
RXN-20641,0
RXN-12462,0
R15-RXN,0
RXN-12940,0
RXN0-3182,0
AMINEOXID-RXN,0
RXN-8022,1
RXN-13945,0
RXN-16391,0
RXN-19677,0
UDP-GLUCURONATE-DECARBOXYLASE-RXN,0
RXN-8999,0
URATE-OXIDASE-RXN,0
METHIONYL-TRNA-FORMYLTRANSFERASE-RXN,0
RXN-17850,0
AMINOCYL-TRNA-HYDROLASE-RXN,0
RXN6666-4,0
RXN-16870,0
RXN-11933,0
METHYLCROTONYL-COA-CARBOXYLASE-RXN,0
RXN-12454,0
12-OXOPHYTODIENOATE-REDUCTASE-RXN,0
1.1.1.39-RXN,1
RXN-20616,0
PYRIMSYN1-RXN,0
3.5.1.26-RXN,0
RXN0-7115,0
RXN-7904,0
1.3.99.5-RXN,0
GLUTKIN-RXN,1
PROTOPORGENOXI-RXN,1.000000e+00
RXN-9989,0
CYCLOARTENOL-SYNTHASE-RXN,0
RXN-11428,0
PRAISOM-RXN,1
PROPIONATE-COA-TRANSFERASE-RXN,1
AICARSYN-RXN,1
RXN0-7007,0
THREDEHYD-RXN,0
RXN-5481,0
RXN-13305,0
RXN-5962,0
RXN-7812,0
+-NEOMENTHOL-DEHYDROGENASE-RXN,0
RXN-12295,0
RXN-9386,0
RXN-15714,0
RXN-14236,0
RXN-11377,0
PHOSPHORIBULOKINASE-RXN,1
ACETOLACTATE-DECARBOXYLASE-RXN,0
RXN-10888,0
RXN-5464,0
RXN-10912,0
RXN-17630,0
RXN-20478,0
RXN-19010,0
RXN-14196,1
RXN-11341,0
RXN-8367,0
RXN-9315,0
RXN3O-9783,0
RXN0-5510,0
6.3.5.7-RXN,0
RXN4FS-12,0
KDO-8PSYNTH-RXN,0
L-ARABINOKINASE-RXN,0
RXN-12226,0
OXALYL-COA-DECARBOXYLASE-RXN,0
RXN-15556,0
RXN0-6366,0
RXN-19369,0
PANTOATE-BETA-ALANINE-LIG-RXN,0
RXN-9233,0
RXN-12694,0
RXN-18481,0
RXN-7664,0
OXALATE--COA-LIGASE-RXN,0
RXN-16510,0
SAICARSYN-RXN,1
HYPOXANPRIBOSYLTRAN-RXN,0
ORNDECARBOX-RXN,0
4.4.1.25-RXN,0
HYDROXYMANDELONITRILE-LYASE-RXN,0
RXN-12616,0
R524-RXN,0
RXN-16036,0
RXN1G-1437,0
S-ADENMETSYN-RXN,1.000000e+00
RXN-20241,0
RXN-20745,0
RXN-10696,0
RXN0-5141,0
RXN-16484,0
RXN-7569,0
DIHYDROXYMETVALDEHYDRAT-RXN,1.000000e+00
RXN-19766,0
RXN-11623,0
NAD-KIN-RXN,0
RXN-8631,0
NADPH-DEHYDROGENASE-FLAVIN-RXN,0
RXN-9598,0
RXNQT-4172,0
DIACYLGLYCEROL-O-ACYLTRANSFERASE-RXN,0
H2NEOPTERINP3PYROPHOSPHOHYDRO-RXN,0
RXN-20215,0
RXN-17879,0
2.7.8.15-RXN,0
RXN-12532,0
RXN-16902,0
RXN-19684,0
GTPPYPHOSKIN-RXN,0
RXN-12039,0
RXN-17888,0
AMINOPROPDEHYDROG-RXN,0
RXNQT-4164,0
UROGENIIISYN-RXN,1.000000e+00
RXN-12459,0
QUEUOSINE-TRNA-RIBOSYLTRANSFERASE-RXN,0
RXN-17871,0
RXN-15354,0
RXN0-308,0
RXN-16890,0
UDP-GLUCOSE-46-DEHYDRATASE-RXN,0
RXN-8990,0
RXN-14431,0
RXN-20622,0
RXN-6642,0
RXN-18740,0
RXN-11974,0
RXN-2762,0
RXN0-1441,0
RXN66-496,0
RXN-16313,0
RXN66-555,0
TRNA-URACIL-5--METHYLTRANSFERASE-RXN,0
RXN-11938,0
RXN-20613,0
RXN-13892,0
CYTIDEAM-RXN,0
RXN0-7319,0
RXN-16824,0
RXN-14790,0
RXN-12376,0
RXN-20597,0
RXN-2561,0
3.5.1.88-RXN,0
RXN-16271,0
GLURS-RXN,1.000000e+00
GLUTCYSLIG-RXN,0
dRXN_TRIOSEPISOMERIZATION-RXN_CHLOROPLAST,1
RXN-20554,0
RXN-11401,0
CYSTEINE--TRNA-LIGASE-RXN,0
THYMIDYLATESYN-RXN,1
GLUTAMATE-SYNTHASE-NADH-RXN,1
RXN-17304,0
RXN-20562,0
RXN-9952,0
ADENODEAMIN-RXN,0
RXN-2203,0
AGMATINE-DEIMINASE-RXN,0
RXN-7885,0
RXN-8451,0
RXN-14301,0
PREPHENATEDEHYDRAT-RXN,1
RXN-5470,0
RXN-13302,0
LEUKOTRIENE-B4-20-MONOOXYGENASE-RXN,0
RXN-12292,0
RXN-9383,0
RXN-13284,0
ACYLCOASYN-RXN,0
RXN-19015,0
RXN-7820,0
RXN-17230,0
RXN-8847,0
RXN-5183,0
dRXN_CHORISMATEMUT-RXN_CHLOROPLAST,1
1.2.1.13-RXN,1
RXN-7799,0
RXN-11356,0
PHOSPHATIDYLINOSITOL-3-PHOSPHATASE-RXN,0
RXN-5284,0
2.4.1.133-RXN,0
6.3.4.11-RXN,0
RXN-7677,0
FGAMSYN-RXN,1
RXN3O-218,1
RXN-8295,1
RXN-20373,0
RXN0-6274,0
CAFFEOYL-COA-O-METHYLTRANSFERASE-RXN,0
STEROL-GLUCOSYLTRANSFERASE-RXN,0
RIBOFLAVINSYNDEAM-RXN,0
RIBOFLAVIN-SYN-RXN,0
RXN-18911,0
RXN-11664,0
RXN-14570,0
RXN-8286,0
2.3.1.42-RXN,0
OHACYL-COA-DEHYDROG-RXN,0
OROTPDECARB-RXN,1
RXN-16043,0
RXN-18919,0
dRXN_BRANCHED-CHAINAMINOTRANSFERVAL-RXN_CYTOPLASM,1
DUTP-PYROP-RXN,0
RXN-12126,0
3-DEHYDROSPHINGANINE-REDUCTASE-RXN,0
BETA-UREIDOPROPIONASE-RXN,0
HYDROXYLAMINE-REDUCTASE-RXN,0
SARCOX-RXN,0
ENOYL-COA-HYDRAT-RXN,0
RXN-12613,0
DIOHBUTANONEPSYN-RXN,0
RXN-14024,0
2.1.1.77-RXN,0
RXN-17915,0
RXN-17942,0
NICOTINAMID-RXN,0
RXN0-4281,0
RXN-15954,0
RXN-10701,0
RXN1F-151,1
RXN-11570,0
RXN-17893,0
2.7.9.5-RXN,0
RXN-15431,0
RXN0-382,0
RXN-16409,0
RXNQT-4169,0
2.1.1.100-RXN,0
DIHYDRODIPICSYN-RXN,1
URUR-RXN,0
RXN-17876,0
RXN-18333,1.000000e+00
RXNQT-4178,0
DIAMINOPIMEPIM-RXN,1
UREA-CARBOXYLASE-RXN,0
RXN-17852,0
RXN-14903,0
RXN-17884,0
R201-RXN,0
RXN-17868,0
MRNA-GUANYLYLTRANSFERASE-RXN,0
AMACETOXID-RXN,1
GPPSYN-RXN,1
RXN-9015,0
RXN-20618,0
2.7.1.151-RXN,0
RXN-20643,0
RXN-18710,0
RXN0-2661,0
RXN-6763,0
RXN-8024,1
DCDPKIN-RXN,1.000000e+00
RXN-11003,0
RXN0-882,1
GLUTRNAREDUCT-RXN,1.000000e+00
TYROSINE--TRNA-LIGASE-RXN,0
RXN-12394,0
PRPPSYN-RXN,1.000000e+00
TRYPTOPHAN--TRNA-LIGASE-RXN,0
RXN-12878,0
RXN-10971,0
GLUCURONOKINASE-RXN,0
MALTACETYLTRAN-RXN,0
RXN-18212,0
RXN-10979,0
RXN-19571,0
RXN-11839,0
GLUTAMATE-DEHYDROGENASE-RXN,1.000000e+00
RXN-11876,0
RXN-20559,0
ADCLY-RXN,0
RXN-5682,1
RXN-19363,0
1-PHOSPHATIDYLINOSITOL-KINASE-RXN,0
RXN-13685,0
1.8.4.12-RXN,0
TOCOPHEROL-O-METHYLTRANSFERASE-RXN,0
RXN-8926,0
2.4.1.46-RXN,0
RXN-6883,0
RXN-13299,0
RXN0-6957,0
RXN-5841,0
RXN-1381,0
RXN0-7010,0
RXN-10660,0
RXN-20268,0
THREONINE--TRNA-LIGASE-RXN,0
RXN-12281,0
D-LACTATE-DEHYDROGENASE-CYTOCHROME-RXN,0
4.2.1.58-RXN,1
RXN-13307,0
RXN-8369,0
CITSYN-RXN,0
RXN-9635,0
RXN-11371,0
RXN-17864,0
RXN-7795,0
FERREDOXIN--NITRITE-REDUCTASE-RXN,0
ADPREDUCT-RXN,1
RXN-20923,0
PHOSPHATIDATE-PHOSPHATASE-RXN,0
6PFRUCTPHOS-RXN,1
RXN-9944,0
RXN0-6566,0
RXN-9662,1
RXN-9632,1
RXN-17861,0
RXN-9279,0
RXN-17632,0
TDCEACT-RXN,0
RXN-17018,1.000000e+00
RXN-10032,0
RXN-8311,0
PANTOTHENATE-KIN-RXN,0
RXN-9235,0
dRXN_MALONYL-COA-ACP-TRANSACYL-RXN_CYTOPLASM,1
2.4.1.142-RXN,0
ACYLACPSYNTH-RXN,0
FERRIC-CHELATE-REDUCTASE-RXN,0
2OXOGLUTDECARB-RXN,0
RXN-7666,0
2.7.11.2-RXN,0
RXN-18704,0
RXN-9659,1
2.4.1.119-RXN,0
SPHINGANINE-KINASE-RXN,0
RXN-9539,1
RXN-9520,1
PEPCARBOX-RXN,1
RXN-15082,0
RXN-12361,1
RXN-18454,0
RXN-7683,0
SHIKIMATE-5-DEHYDROGENASE-RXN,1
RXN-8303,0
PYRUFLAVREDUCT-RXN,1
RXN-20353,0
RXN-15560,0
RXN-18908,0
RXN0-2144,0
RXN-15025,0
RXN-9655,1
RXN-9515,0
RXN-12618,0
FARNESYLTRANSTRANSFERASE-RXN,1
3-HYDROXYISOBUTYRYL-COA-HYDROLASE-RXN,1.000000e+00
RXN-17997,0
R82-RXN,0
RXN-11187,0
RXN1G-1439,0
RXN-18916,0
RXN-12123,0
DISULFOXRED-RXN,0
RXN-15027,0
RXN-13605,0
RXN-18427,0
2.7.12.1-RXN,0
RXN1F-66,1
RXN-16048,0
5-NUCLEOTID-RXN,0
RXN-9533,1
RXN-8664,0
23-DIMETHYLMALATE-LYASE-RXN,0
RXN-9667,0
RXN-10706,0
RXN-16900,0
RXN-16805,0
RXN-20269,0
RXN-11602,0
RXN-11637,0
HYDROXYMETHYLGLUTARYL-COA-LYASE-RXN,0
4.2.1.59-RXN,1
RXN-19348,0
RXN-4313,0
RXN-14950,0
4.2.99.18-RXN,0
ATP-CITRATE-PRO-S--LYASE-RXN,0
RXN-9530,0
RXN-14517,0
RXN-17912,0
RXN-4243,0
RXN-11321,0
RXN0-5063,0
RXN-15977,0
RXNQT-4300,0
ASPARAGINE--TRNA-LIGASE-RXN,0
RXN1F-147,1
RXN-17890,0
RXN0-363,0
RXN0-4401,0
4.2.1.93-RXN,0
RXN0-1132,1
RXNQT-4166,0
RXN-9663,1
RXN-9633,1
RXN-8141,0
RXN-9526,0
RXN-17862,0
XMPXAN-RXN,0
R147-RXN,0
RXN-12473,0
RXN-15407,0
3.4.16.5-RXN,0
RXN-12005,0
ARGININE--TRNA-LIGASE-RXN,0
RXN-16892,0
DEOXYGUANOSINE-KINASE-RXN,0
RXN-19676,0
RXNQT-4174,0
URACIL-PRIBOSYLTRANS-RXN,0
2.7.7.14-RXN,1
MYO-INOSITOL-OXYGENASE-RXN,0
RXN0-279,0
ACYLAMINOACYL-PEPTIDASE-RXN,0
RXN-15881,0
RXN-12503,0
RXN0-5055,0
3-HYDROXYDECANOYL-ACP-DEHYDR-RXN,0
RXN-16869,0
RXN-9660,1
GLYOXII-RXN,0
2.1.1.135-RXN,0
1.3.7.5-RXN,0
RXN-9521,0
RXN-17859,0
SULFITE-REDUCTASE-FERREDOXIN-RXN,0
RXN-17191,0
RXN0-2382,0
RXN-15843,0
RXN-3521,0
RXN-17016,0
RXN-15372,0
4-HYDROXYPHENYLPYRUVATE-DIOXYGENASE-RXN,0
DADPKIN-RXN,1
NITRITE-REDUCTASE-CYTOCHROME-RXN,0
GMP-SYN-GLUT-RXN,1
GLY-X-CARBOXYPEPTIDASE-RXN,0
PYRIDOXKIN-RXN,0
2.7.1.148-RXN,1
RXN-12461,0
3PGAREARR-RXN,1
RXN-18700,0
RXN-9657,1
RXN66-602,0
RXN-9537,1
1.11.1.15-RXN,0
RXN-9516,1
UDPREDUCT-RXN,0
RXN0-1281,0
CDPREDUCT-RXN,1
RXN0-1483,0
RXN0-7298,0
GLUTAMIN-RXN,1
1.8.4.14-RXN,0
RXN-11881,0
RXN-9534,0
UBIQUITIN--PROTEIN-LIGASE-RXN,0
RXN-20590,0
RXN-11477,0
RXN-11361,0
RXN-16809,0
PROTEIN-KINASE-RXN,0
TRIACYLGLYCEROL-LIPASE-RXN,0
PRIBFAICARPISOM-RXN,1
BIOTINLIG-RXN,0
4.2.1.61-RXN,1
RXN-19349,0
ADENYL-KIN-RXN,1
2.3.1.180-RXN,0
1.8.1.4-RXN,0
RXN0-7114,0
RXN-9531,1
1-ACYLGLYCEROL-3-P-ACYLTRANSFER-RXN,0
CYSPH-RXN,0
3.2.1.106-RXN,0
RXN-11868,0
RXN-14776,0
2.4.1.83-RXN,0
RXN-11376,0
HOLO-ACP-SYNTH-RXN,0
ALKANE-1-MONOOXYGENASE-RXN,0
RXN-15564,0
ACID-PHOSPHATASE-RXN,0
RXN0-1133,1
RXN-5463,0
RXN-13296,0
ADENOSINE-NUCLEOSIDASE-RXN,0
GART-RXN,1
RXN-9527,1
RXN-17863,0
GLUC1PURIDYLTRANS-RXN,1.000000e+00
THIOREDOXIN-REDUCT-NADPH-RXN,1
PMPOXI-RXN,0
RXN-5286,1
RXN-10656,0
RXN-13304,0
RXN-8366,0
RXN-7811,0
RXN-11368,0
RXN-8409,0
RXN-10039,0
RXN-18742,0
RXN-9661,1
RXN-13449,0
RXN-8348,0
RXN-9523,1
SULFITE-OXIDASE-RXN,0
RXN-17860,0
RXN-8389,0
RXN-17190,0
RXN-17017,0
RIBONUCLEOSIDE-DIP-REDUCTI-RXN,0
FORMYLTHFDEFORMYL-RXN,0
RXN-16152,0
RXN-8357,0
PHENYLALANINE-DECARBOXYLASE-RXN,0
RXN0-267,1
CATAL-RXN,0
RXN-14537,0
RXN-18701,0
RXN-9658,1
RXN-8308,0
RXN-9538,0
RXN-15071,0
RXN-14664,0
RIBOKIN-RXN,0
RXN-11481,0
RXN-11195,0
RXN-18505,0
RXN-10815,0
RXN-19405,0
RXN-11698,0
GDPREDUCT-RXN,1
ENOYL-ACP-REDUCT-NADH-RXN,0
RETICULINE-OXIDASE-RXN,0
RXN-14959,0
RXN-7679,0
SERINE-O-ACETTRAN-RXN,0
RXN-9557,0
RXN-8300,0
RXN-9535,1
RXN-13267,1
RXN-9514,1
1.10.2.2-RXN,0
SQUALENE-MONOOXYGENASE-RXN,0
ORNCARBAMTRANSFER-RXN,1
RXN-17573,0
IMIDPHOSDEHYD-RXN,1
ABC-19-RXN,0
SIROHEME-FERROCHELAT-RXN,0
3.1.1.23-RXN,0
RXN1G-1436,0
RXN0-5293,0
RXN-12116,0
NQOR-RXN,0
RXN-12148,0
OHMETHYLBILANESYN-RXN,1.000000e+00
RXN-7568,0
RXN-16045,0
RXN-13633,0
DNA-CYTOSINE-5--METHYLTRANSFERASE-RXN,0
RXN-16509,0
RXN-19765,0
DXS-RXN,1
RXN-12128,0
RXN-15006,0
ABC-12-RXN,1
RXN-1884,0
RXN-4444,0
2.1.1.34-RXN,0
HOMOGLUTATHIONE-SYNTHASE-RXN,0
RXN-19299,0
RXN-19605,0
2.8.1.6-RXN,0
RXN-17007,0
ABC-70-RXN,1
HISTCYCLOHYD-RXN,1
RXN-20214,0
2.7.8.11-RXN,0
RXN-18337,0
RXN0-4121,0
TRANS-RXN-366,0
ASNSYNA-RXN,0
DIHYDROXYISOVALDEHYDRAT-RXN,1
RXN-14971,0
R203-RXN,0
RXN-9584,0
RXN-9616,0
RXNQT-4163,0
UROGENDECARBOX-RXN,1.000000e+00
RXN-17870,0
1.14.13.70-RXN,0
RXN-12518,0
AMPSYN-RXN,1
RXN-16410,0
DEOXYCYTIDINE-KINASE-RXN,0
RXN-19230,0
RXNQT-4171,0
RXN-12466,0
2.7.7.1-RXN,0
RXN-17878,0
RXN-8026,0
DCMP-DEAMINASE-RXN,1
3.6.3.6-RXN,0
RXN-8060,0
SUCCINATE-DEHYDROGENASE-UBIQUINONE-RXN,1
GTP-CYCLOHYDRO-II-RXN,0
UREIDOGLYCOLATE-HYDROLASE-RXN,0
RXN-17854,0
3.4.11.18-RXN,0
GLYRIBONUCSYN-RXN,1
RXN-12458,0
RXN-19145,0
RXN-16823,0
RXN-16332,0
2.5.1.64-RXN,0
RXN-20595,0
RXN-2543,0
RXN-6641,0
TRANS-RXN-220,0
1.8.5.1-RXN,0
GLYCINE--TRNA-LIGASE-RXN,0
TRANS-RXN0-478,0
RXN0-7141,0
RXN-13883,0
RXN0-7283,0
GLUTAMATE-N-ACETYLTRANSFERASE-RXN,0
GLY3KIN-RXN,0
2.4.2.12-RXN,0
DIHYDROOROTATE-DEHYDROGENASE-RXN,0
MALATE-DEH-RXN,1
RXN-12396,0
RXN-2202,0
AGMATIN-RXN,0
RXN-15775,0
RXN0-7078,0
RXN-19583,0
RXN-11890,0
LYSINE--TRNA-LIGASE-RXN,0
3.2.1.130-RXN,0
RXN-12375,0
RXN0-7013,0
3.6.3.3-RXN,0
CPM-KDOSYNTH-RXN,0
TRANS-RXN-358,0
RXN-12322,0
RXN-13309,0
RXN-19042,0
RXN-11400,0
RXN-1726,0
RXN-12300,0
PORPHOBILSYNTH-RXN,1.000000e+00
CHORISMATE-SYNTHASE-RXN,1
RXN66-306,0
RXN-15745,0
ABC-7-RXN,0
CHOLESTENONE-5-ALPHA-REDUCTASE-RXN,0
RXN-7775,0
TRANS-RXN-178,0
RXN-17634,0
LEUKOTRIENE-A4-HYDROLASE-RXN,0
RXN-20502,0
TRANS-RXN0-479,0
RXN-16165,0
RXN-8344,0
RXN-12728,1
RXN-7711,0
2.4.1.117-RXN,0
RXN-13186,0
RXN-20399,0
ASNSYNB-RXN,1
RXN-1225,0
RXN-11355,0
PHENYLALANINE--TRNA-LIGASE-RXN,0
6PGLUCONOLACT-RXN,0
STEROL-ESTERASE-RXN,0
GLUTAMATE-SYNTHASE-FERREDOXIN-RXN,0
2.5.1.46-RXN,0
RXN-1223,1
RXN-17120,0
RXN-1,0
3.1.3.77-RXN,0
RXN-8314,0
RXN-12242,0
RXN-9237,0
RXN-13158,1
RXN-12588,0
RXN-17335,0
RXN-12961,0
RXN-17121,0
RXN-12413,0
RXN-8294,1
RXN-13323,1
RXN-12377,0
ISPH2-RXN,1
RXN-19191,0
RXN-11322,0
RXN-13196,0
RXN-7648,0
F16BDEPHOS-RXN,1
CARBPSYN-RXN,1
RXN-12686,0
RXN-15563,0
RXN0-5408,0
RXN-18935,0
RXN-1125,0
RXN-8285,0
ISOLEUCINE--TRNA-LIGASE-RXN,0
RXN-18918,0
DURIDKI-RXN,0
SERINE-C-PALMITOYLTRANSFERASE-RXN,0
RXN-12125,0
3-DEHYDROQUINATE-SYNTHASE-RXN,1
RXN-7609,0
RXN-13072,0
RXN1F-165,0
NAG1P-URIDYLTRANS-RXN,0
RXN-969,0
HISTIDPHOS-RXN,1
RXN-14932,7.462384e-01
DLACTDEHYDROGNAD-RXN,0
RXN-17914,0
NICONUCADENYLYLTRAN-RXN,0
RXN-10700,0
HEMEOSYN-RXN,0
RXN1F-150,1
DIMETHUROPORDEHYDROG-RXN,0
RXN-14912,0
RXN-17892,0
RXN-15430,0
RXN-10644,0
RXNQT-4168,0
GUANYL-KIN-RXN,1
HISTALDEHYD-RXN,0
3.4.13.18-RXN,0
RXN-12496,0
N-CARBAMOYLPUTRESCINE-AMIDASE-RXN,0
RXN-20693,0
DEOXYHYPUSINE-MONOOXYGENASE-RXN,0
RXNQT-4176,0
RXN-17851,0
UDPGLUCEPIM-RXN,1.000000e+00
RXN-12455,0
QUERCETIN-23-DIOXYGENASE-RXN,0
2.7.10.1-RXN,0
RXN-17867,0
RXN0-2584,0
RXN-15374,0
RXN0-302,1
AMP-DEAMINASE-RXN,1
ALLOPHANATE-HYDROLASE-RXN,0
RXN-12583,0
RXN-12625,0
RIBULOSE-BISPHOSPHATE-CARBOXYLASE-RXN,1
RXN-10773,0
RXN-3541,0
1.6.5.4-RXN,0
NADPYROPHOSPHAT-RXN,0
RXN-13565,0
GLUTAMATESYN-RXN,0
3.6.1.41-RXN,0
ATP-ADENYLYLTRANSFERASE-RXN,1.000000e+00
L-LACTATE-DEHYDROGENASE-CYTOCHROME-RXN,0
PYRUVATEORTHOPHOSPHATE-DIKINASE-RXN,1
4.3.1.17-RXN,1
MALONYL-COA-DECARBOXYLASE-RXN,1
RXN-14116,0
25-DIOXOVALERATE-DEHYDROGENASE-RXN,0
GLUTATHIONE-PEROXIDASE-RXN,0
D-2-HYDROXY-ACID-DEHYDROGENASE-RXN,0
RXN-6562,0
D-ASPARTATE-OXIDASE-RXN,0
1.4.3.19-RXN,1
ASPDECARBOX-RXN,0
R163-RXN,1
NITRIC-OXIDE-SYNTHASE-RXN,0
RXN-13564,0
RXN-14189,0
ALCOHOL-SULFOTRANSFERASE-RXN,0
GALACTONOLACTONE-DEHYDROGENASE-RXN,0
RXN-12440,0
CARBOXYCYCLOHEXADIENYL-DEHYDRATASE-RXN,0
RXN-12263,0
SUCCSEMIALDDEHYDROG-RXN,0
TYROSINE-DECARBOXYLASE-RXN,0
NITRATE-REDUCTASE-NADH-RXN,0
NITRATE-REDUCTASE-NADPH-RXN,0
SALICYLATE-1-MONOOXYGENASE-RXN,0
CDP-GLYCEROL-PYROPHOSPHATASE-RXN,0
1.2.1.27-RXN,0
RXN-7745,1.000000e+00
RXN-15130,1.000000e+00
DOLICHOL-KINASE-RXN,0
CHOLINE-KINASE-RXN,0
3.1.4.2-RXN,0
RXN-11709,0
GLYCEROL-2-DEHYDROGENASE-NADP+-RXN,0
GLYCEROL-DEHYDROGENASE-NADP+-RXN,1
RXN0-7192,0
RXN-14192,0
PUTRESCINE-OXIDASE-RXN,0
RXN-8001,1
RXN-10952,0
2.4.1.123-RXN,1.000000e+00
2-ISOPROPYLMALATESYN-RXN,1
ADENINE-DEAMINASE-RXN,0
RXN-8441,0
PALMITOYL-COA-HYDROLASE-RXN,0
RXN-9623,0
RXN-9384,1
MANNKIN-RXN,0
ACETOACETATE--COA-LIGASE-RXN,0
METHYLTHIOADENOSINE-NUCLEOSIDASE-RXN,0
ENOYL-ACP-REDUCT-NADPH-RXN,0
RXN-8773,0
FORMALDEHYDE-TRANSKETOLASE-RXN,0
ETHANOLAMINE-KINASE-RXN,1
RXN-14160,0
COBALADENOSYLTRANS-RXN,0
SPHINGOSINE-N-ACYLTRANSFERASE-RXN,0
GLUCONOLACT-RXN,0
RXN-14126,0
THYMIDYLATE-5-PHOSPHATASE-RXN,0
ARACHIDONATE-8-LIPOXYGENASE-RXN,0
3-HYDROXYPROPIONATE-DEHYDROGENASE-RXN,0
RXN-1101,0
4-COUMARATE--COA-LIGASE-RXN,0
4-HYDROXY-2-KETOPIMELATE-LYSIS-RXN,0
RXN0-5292,0
RXN-14093,0
CYSTAUR-RXN,0
PYRIDOXAL-OXIDASE-RXN,0
RXN-14203,0
GLYCERALDEHYDE-DEHYDRO-RXN,1
DAHPSYN-RXN,1
SEDOBISALDOL-RXN,1
SEDOHEPTULOSE-BISPHOSPHATASE-RXN,1
RXN-14207,0
DCYSDESULF-RXN,0
RXN-14115,0
PNKIN-RXN,0
RXN3DJ-11417,0
2-KETO-ADIPATE-DEHYDROG-RXN,0
RXN-1126,0
KYNURENINE-3-MONOOXYGENASE-RXN,0
RXN-14142,0
PGPPHOSPHA-RXN,0
2.1.1.103-RXN,0
PHOSPHASERDECARB-RXN,0
2.5.1.32-RXN,0
RXN66-221,0
RXN-14161,0
RXN-14122,0
RXN-14143,0
CARNOSINE-N-METHYLTRANSFERASE-RXN,0
RXN-14124,0
RXN-9600,0
RXN-1401,0
RXN-1106,0
6.2.1.34-RXN,0
L-PIPECOLATE-OXIDASE-RXN,0
RXN-10919,1
RXN-1623,0
RXN-2001,0
THROMBOXANE-A-SYNTHASE-RXN,0
RXN-6321,0
ESTRONE-SULFOTRANSFERASE-RXN,0
RXN-12547,0
RXN-14090,0
RXN-5821,0
CYSTHIOCYS-RXN,0
SPHINGANINE-1-PHOSPHATE-ALDOLASE-RXN,0
SULFINOALANINE-DECARBOXYLASE-RXN,0
GLUTARYL-COA-DEHYDROGENASE-RXN,0
PYRAMKIN-RXN,0
CINNAMOYL-COA-REDUCTASE-RXN,0
RXN-10907,0
PRUNASIN-BETA-GLUCOSIDASE-RXN,0
MEPROPCOA-FAD-RXN,0
RXN-10715,0
INDOLE-3-ACETALDEHYDE-OXIDASE-RXN,0
3.1.1.--RXN,0
RXN3DJ-170,0
RXN0-1603,0
LYSOPHOSPHOLIPASE-RXN,0
RXN-14223,0
3.1.2.14-RXN,0
RXN66-281,0
RXN3DJ-35528,0
RXN-10908,0
RXN-8783,0
RXN-14224,0
RXN-14225,0
NADH-DEHYDROGENASE-QUINONE-RXN,0
PANTETHEINE-KINASE-RXN,0
SEPIAPTERIN-REDUCTASE-RXN,0
AMYGDALIN-BETA-GLUCOSIDASE-RXN,0
4-NITROPHENYLPHOSPHATASE-RXN,0
PANTEPADENYLYLTRAN-RXN,0
2.3.1.91-RXN,0
DIHYDROKAEMPFEROL-4-REDUCTASE-RXN,0
ACETYLSEROTONIN-O-METHYLTRANSFERASE-RXN,0
RXN-6381,0
RXN-961,0
RXN-6384,0
GUANIDINOBUTANAMIDE-NH3-RXN,0
DETHIOBIOTIN-SYN-RXN,1
RXN-13403,0
LANOSTEROL-SYNTHASE-RXN,0
RXN-12508,0
1.2.1.47-RXN,0
RXN-14227,0
3.1.3.57-RXN,0
RXN-10939,0
2.7.1.139-RXN,0
2.7.1.133-RXN,0
2.3.1.67-RXN,0
RXN3O-1983,0
H2PTERIDINEPYROPHOSPHOKIN-RXN,0
H2NEOPTERINALDOL-RXN,0
RXN0-1602,0
RXN-12726,0
RXN-600,0
PROLINE--TRNA-LIGASE-RXN,0
6-HEXANOLIDE-HYDROLYSIS-RXN,0
RXN-14229,0
RXN-13617,0
MRNA-GUANINE-N7--METHYLTRANSFERASE-RXN,0
RXN1F-10,1
RXN-14262,0
RXN-14268,0
ARGINYLTRANSFERASE-RXN,0
PEPTIDYLAMIDOGLYCOLATE-LYASE-RXN,0
CARBOXYMETHYLENEBUTENOLIDASE-RXN,0
RXN-7744,0
AMIDASE-RXN,0
2.3.1.155-RXN,0
O-SUCCINYLBENZOATE-COA-LIG-RXN,0
O-SUCCINYLBENZOATE-COA-SYN-RXN,0
RXN-10089,0
RXN-14266,0
RXN-17517,0
RXN-14014,1
RXNARA-8002,0
1.1.1.220-RXN,0
QUINOLINATE-SYNTHA-RXN,0
RXN-14270,0
BIOTIN-CARBOXYL-RXN,0
3-ISOPROPYLMALDEHYDROG-RXN,0
RXN3O-178,0
3.1.1.47-RXN,0
RXN-9844,0
TETRAACYLDISACC4KIN-RXN,0
RXN-8179,0
RXN-20172,0
RXN-14272,0
RXN-12507,0
RXN-14273,0
RXN-20676,0
RXN-14274,0
RXN-12490,0
RXN-13616,0
RXN-14277,0
RXN-12567,0
RXN-14278,0
KETOLACTOSE-RXN,0
6.3.2.26-RXN,0
RXN-10911,0
RXN-10910,0
RXN-14422,0
RXN-12720,0
RXN-10642,0
RXN-8036,0
RXN-7784,0
RXN-14106,1.000000e+00
2-ACETOLACTATE-MUTASE-RXN,1
RXN-14125,0
RXN-7163,0
R344-RXN,0
dRXN_ALDXANAU-RXN_CYTOPLASM,1
RXN-9857,0
R311-RXN,0
RXN-9003,0
RXN3O-130,0
2.1.1.145-RXN,0
2.1.1.143-RXN,0
RXN-13162,0
RXN-5467,0
RXN-5468,0
RXN-5469,0
RXN-5472,0
RXN-5285,1
RXN-14280,0
RXN-111,0
RXN-7570,0
RXN-8434,0
RXN3DJ-11230,0
DHS-PHOSPHATASE-RXN,0
RXN-9724,0
RXN-9725,0
RXN-9723,0
RXN-1122,0
RXN-14425,0
RXN-11784,0
RXN-9890,0
RXN-9868,0
RXN-5642,0
RXN-5643,0
RXN-10078,0
RXN-698,0
RXN-7974,0
1.2.3.14-RXN,0
RXN1F-148,1
TRANSENOYLCOARED-RXN,0
1.14.13.98-RXN,0
RXN66-569,0
TYROSINE-3-MONOOXYGENASE-RXN,0
TRYPTOPHAN-5-MONOOXYGENASE-RXN,0
1.14.21.6-RXN,0
2.3.1.165-RXN,0
BTUR2-RXN,0
2.5.1.39-RXN,0
2.5.1.65-RXN,0
RIBOPHOSPHAT-RXN,0
RXN-7946,0
RXN-7947,0
RXN-10693,0
R145-RXN,0
RXN-1102,0
RXN-9789,0
RXN-4021,0
RXN-4144,0
RXN-4209,0
RXN66-313,0
RXN-2541,0
RXN-9544,0
RXN-9545,0
RXN-9546,0
RXN-8028,0
RXN-19150,0
RXN-10695,0
RXN-11520,0
RXN-11519,0
RXN-11521,0
RXN-7821,0
4.1.3.26-RXN,0
RXN-11619,0
RXN-9550,0
RXN-9310,0
RXN0-5217,0
RXN-8254,0
RXN-9368,0
RXN-2204,0
RXN-9798,0
RXN-9846,0
RXN-2761,0
RXN-13806,0
RXN-8460,0
RXN-7740,0
2.7.1.157-RXN,0
RXN-7674,1
RXN-12091,0
RXN-10107,0
TRANS-PENTAPRENYLTRANSFERASE-RXN,0
TRANS-OCTAPRENYLTRANSTRANSFERASE-RXN,0
RXN-11002,0
RXN-8974,0
RXN-12730,0
RXN-10058,0
TRNA-CYTIDYLYLTRANSFERASE-RXN,0
RXN-14137,1
RXN-1961,0
RXN-12243,0
RXN-12327,0
RXN-12330,0
RXN-12338,0
RXN1F-152,1
GLYOXIII-RXN,1
RXN-10036,0
RXN-12825,0
RXN-12842,0
RXN-12843,0
RXN-13197,0
RXN-13191,1.000000e+00
RXN-13398,0
RXN-13760,0
RXN0-1321,0
RXN-3341,0
RXN-14918,0
RXN-14919,0
RXN-14927,0
RXN-14917,0
RXN-1347,0
RXN-16000,0
RXN-16001,0
RXN-18426,0
RXN-12359,0
RXN-8784,0
RXN-7800,0
RXN-8483,0
RXN-14396,0
RXN-3523,0
RXN-10720,0
RXN-11369,0
RXN-11403,0
THREOSPON-RXN,1
RXN-10722,0
C04718-C060066-AUTOTRANSFORMATION-RXN,0
RXN-8181,0
RXN-8144,0
RXN-14101,0
LINABSPON-RXN,0
LINBBSPON-RXN,0
RXN-8225,0
RXN-16002,0
RXN-12876,0
RXN-8899,0
RXN-8485,0
RXN-8482,0
RXN-8478,0
RXN-8487,0
RXN-8491,0
RXN-8490,0
RXN-8567,0
RXN-8624,0
RXN-8625,0
RXN-8486,0
RXN-8461,0
RXN-13939,0
RXN-12864,0
RXN-9418,0
RXN-9417,0
RXN-12715,0
RXN-9640,0
RXN-5066,0
RXN-12065,0
RXN-12536,0
RXN-6581,0
RXN-15852,0
RXN-15124,0
RXN-17696,0
RXN-13809,0
R00357,1
R00571,1.000000e+00
R00801,1
R00806,1
R01194,1.000000e+00
R01315,0
R01316,0
R01388,1
R01462,0
R01667,1
R01687,0
R02053,0
R02054,0
R02236,9.756768e-01
R02352,1
R02487,0
R02499,0
R02671,0
R02747,0
R02840,0
R02909,0
R02912,0
R03238,1
R03370,0
R03416,0
R03417,0
R03628,0
R03629,0
R03815,0
R03863,0
R03864,0
R03869,1
R03871,1
R03921,0
R03955,0
R03970,0
R03971,0
R04034,0
R04121,0
R04163,0
R04391,0
R04480,0
R04556,0
R04673,1.000000e+00
R04678,0
R04724,1
R04786,0
R04849,0
R04905,0
R05216,0
R06946,1
R07002,0
R07003,0
R07004,0
R07023,0
R07024,0
R07025,0
R07026,0
R07069,0
R07070,0
R07083,0
R07084,0
R07091,0
R07092,0
R07093,0
R07094,0
R07100,0
R07105,0
R07113,0
R07116,0
R07441,1
R07443,0
R07599,0
R07764,1
R07765,1
R07851,1
R07934,0
R07942,0
R07998,0
R07999,0
R08163,1
R08226,0
R08227,0
R08228,0
R08231,0
R08232,0
R08233,0
R08235,0
R08240,0
R08243,0
R08244,0
R08266,0
R08280,0
R08281,0
R08306,0
R08310,0
R08349,0
R08384,1
R08390,0
R08914,1
R08945,0
R08954,0
R08980,0
R09034,0
R09035,0
R09036,0
R09037,0
R09038,0
R09070,1
R09072,0
R09073,0
R09373,0
R09409,0
R09412,0
R09413,0
R09414,0
R09415,0
R09420,0
R09470,0
R10039,0
R10170,1
R10826,1
R10828,1
R10907,1
R10951,0
R11037,0
R11043,0
R11517,0
R11518,0
dRXN_R11671_MITOCHONDRION,1
R11708,0
R11891,0
R11892,0
R11893,0
R11894,0
R11895,0
R11896,0
R12173,0
R12264,0
R12757,1
R12851,0
R12852,0
R12853,0
R12885,0
R12896,0
R12897,0
R12958,0
R12987,0
R12988,0
R12989,0
R12990,0
R13043,0
R13052,0
R05041,0
R05455,0
R05887,0
R05889,0
R06194,0
R07009,0
R07010,0
R07011,0
R07012,0
R08020,0
R08279,0
R08289,0
R09144,0
R09368,0
R09431,0
R09432,0
R09433,0
R09434,0
R10022,0
R12185,1
R12886,0
R13091,0
EXC_BOTH_WATER_f,0
EXC_BOTH_PROTON_f,1
EXC_BOTH_Pi_f,0
EXC_BOTH_AMMONIUM_f,1
EXC_BOTH_SULFATE_f,0
EXC_BOTH_FE+2_f,0
EXC_BOTH_CARBON-DIOXIDE_f,0
EXC_BOTH_MG+2_f,0
EXC_BOTH_C00205_f,0
EXC_BOTH_OXYGEN-MOLECULE_f,0
RXN-16016,0
5.3.1.23-RXN,0
RXN1F-155,1
RXN-8074,1
OROTATE-REDUCTASE-NADPH-RXN,1
RXN-5961,0
LACS_h2,1
LACS_h3,0
GPAT_h2,1
GPAT_h3,0
LPAT_h1,1.000000e+00
LPAT_h2,1.000000e+00
LPAT_h3,0
PAP_h1,1
PAP_h2,1
PAP_h3,0
MGDGS_h2,1
MGDGS_h3,0
RXN-1728_FAD5_h3,1
RXN-8296_FAD6_h3,0
RXN-8302_FAD6_h4,1
RXN-8298_FAD6_h6,1
RXN-8305_FAD6_h5,0
RXN-8299_FAD7_h4,1
RXN-8306_FAD7_h3,0
RXN-8301_FAD7_h6,0
dRXN_RXN-8309_FAD7_h5_CHLOROPLAST,0
dRXN_CrDELTA4_FAD_1_CHLOROPLAST,0
dRXN_CrDELTA4_FAD_2_CHLOROPLAST,0
dRXN_FAD7_h7_CHLOROPLAST,0
RXN-8297_FAD7_h8,0
FAD7_h9,0
dRXN_CrDELTA4_FAD_3_CHLOROPLAST,0
dRXN_CrDELTA4_FAD_4_CHLOROPLAST,0
FAD7_h10,0
DGDGS_h7,0
RXN-8363_FAD6_h10,0
RXN-8364_FAD7_h11,0
DGDGS_h8,0
DGDGS_h9,0
FAD6_h11,0
FAD7_h12,0
DGDGS_h10,0
FAD6_h12,0
FAD7_h13,0
DGDGS_h11,0
FAD6_h13,0
FAD7_h14,0
dRXN_DGDGS_h15_CHLOROPLAST,0
dRXN_FAD7_h15_CHLOROPLAST,0
CDS_h,0
PGPS_h,1
PGPP_h,1
RXN-8316_FAD6,1
RXN-8317_FAD7_h16,0
dRXN_FAD4_CHLOROPLAST,0
dRXN_FAD7_h17_CHLOROPLAST,0
SQD_h1,1
SQD_h2,1
FAD6_h15,1
dRXN_FAD7_h18_CHLOROPLAST,0
GPAT_r3,0
dRXN_LPAT_r11_CHLOROPLAST,0
CDS_r2,1
PIS_r2,1
GPAT_r2,1
dRXN_LPAT_r6_ENDOPLASMICRETICULUM,1
dRXN_PAP_r6_ENDOPLASMICRETICULUM,1
dRXN_EPT_r8_ENDOPLASMICRETICULUM,1
FAD2_r1,1
dRXN_CrDES_r1_ENDOPLASMICRETICULUM,1
FAD7_h19,0
dRXN_FAD7_h20_ENDOPLASMICRETICULUM,0
GPAT_r4,1.000000e+00
dRXN_LPAT_r10_ENDOPLASMICRETICULUM,1.000000e+00
dRXN_PAP_r8_ENDOPLASMICRETICULUM,1
dRXN_EPT_r11_ENDOPLASMICRETICULUM,1
FAD2_r2,1
dRXN_CrDES_r2_ENDOPLASMICRETICULUM,1
dRXN_StS_h1_CHLOROPLAST,0
dRXN_StS_h2_CHLOROPLAST,0
RXN-7710,1
SLIMEr_1,1
SLIMEr_2,0
SLIMEr_3,0
SLIMEr_4,0
SLIMEr_5,0
SLIMEr_6,1
SLIMEr_7,0
SLIMEr_8,1
SLIMEr_9,0
SLIMEr_10,1
SLIMEr_11,0
SLIMEr_12,1
SLIMEr_13,1
SLIMEr_14,1
SLIMEr_15,1
SLIMEr_16,0
SLIMEr_17,0
SLIMEr_18,1
SLIMEr_19,1
SLIMEr_20,0
SLIMEr_21,0
SLIMEr_22,0
SLIMEr_23,0
SLIMEr_24,0
SLIMEr_25,0
SLIMEr_26,1
SLIMEr_27,0
SLIMEr_28,1
SLIMEr_29,1
SLIMEr_30,0
SLIMEr_31,0
SLIMEr_32,1
SLIMEr_33,0
SLIMEr_34,0
SLIMEr_35,0
SLIMEr_36,1
SLIMEr_37,0
SLIMEr_38,0
SLIMEr_39,0
SLIMEr_40,0
SLIMEr_41,0
SLIMEr_42,0
SLIMEr_43,0
SLIMEr_44,0
SLIMEr_45,0
SLIMEr_46,0
SLIMEr_47,0
SLIMEr_48,0
SLIMEr_49,0
SLIMEr_50,0
SLIMEr_51,1
SLIMEr_52,1
SLIMEr_53,1
SLIMEr_54,1
SLIMEr_55,0
SLIMEr_56,0
SLIMEr_57,0
SLIMEr_58,0
SLIMEr_59,1
SLIMEr_60,1
SLIMEr_61,1
SLIMEr_62,0
SLIMEr_63,0
SLIMEr_64,1
SLIMEr_65,1
SLIMEr_66,1
SLIMEr_67,0
SLIMEr_68,0
SLIMEr_69,0
SLIMEr_70,0
SLIMEr_71,0
SLIMEr_72,0
SLIMEr_73,1
SLIMEr_74,1
SLIMEr_75,1
SLIMEr_76,1
SLIMEr_77,1
SLIMEr_78,1
DM_CoA,0
Im_ACP,0
Ex_1,1.000000e+00
Ex_2,0
Ex_3,0
Ex_4,0
Ex_5,0
Ex_6,0
Ex_7,0
Ex_8,0
Ex_9,1
Ex_10,0
Ex_11,1
Ex_12,0
Ex_13,0
Ex_14,0
Ex_15,0
Ex_16,0
Ex_17,0
Ex_18,0
Ex_19,0
Ex_20,0
Ex_21,0
Ex_22,0
Ex_23,0
Ex_24,0
Ex_25,1.000000e+00
Ex_26,0
Ex_27,0
Ex_28,0
Ex_29,0
Ex_30,0
Ex_31,0
Ex_32,0
Ex_33,0
Ex_34,0
Ex_35,0
Ex_36,1
Ex_37,0
Ex_38,0
Ex_39,0
Ex_Starch,0
Ex_Lutein,1
EXC_BOTH_ACET,0
RXN-17724,1
biomass_auto_100,1.000000e+00
biomass_auto_3k,0
biomass_mixo,0
biomass_hetero,0
RXN-13298,0
RXN-18907,0
HOMOSERDEHYDROG-RXN,1
RXN-9564,0
3.4.11.2-RXN,0
RXN0-1461,1.000000e+00
GLYC3PDEHYDROGBIOSYN-RXN,1
RXN0-7219,0
GLUC1PADENYLTRANS-RXN,1
dRXN_RXN-8307_THYLAKOIDPLASTID,1
RXN-18920,0
2.1.1.137-RXN,0
RXN-12457,0
ALDHDEHYDROG-RXN,0
RXN-15543,0
SERINE--TRNA-LIGASE-RXN,0
ASPARTATEKIN-RXN,1
RXN-11586,0
ACYL-COA-HYDROLASE-RXN,0
RXN-11396,0
SULFITE-REDUCT-RXN,1
RXN-14074,1
RXN-19242,0
RXN-9563,0
RXN-15910,0
dRXN_TRIOSEPISOMERIZATION-RXN_CYTOPLASM,1
dRXN_TRIOSEPISOMERIZATION-RXN_MITOCHONDRION,1
dRXN_CHORISMATEMUT-RXN_CYTOPLASM,1
RXN-12746,0
SELENOCYSTEINE-LYASE-RXN,0
RXN-14368,0
LONG-CHAIN-ENOYL-COA-HYDRATASE-RXN,0
RXN-17726,0
RXN-9532,1
RXN-9528,1
RXN-12297,0
ACETOLACTSYN-RXN,1
RXN-9524,1
dRXN_MALONYL-COA-ACP-TRANSACYL-RXN_MITOCHONDRION,1
RXN-7903,1
RXN-12673,0
RXN-18924,0
RXN0-949,0
RXN-9536,1
RXN-14957,0
1.8.4.13-RXN,0
RXN-13264,0
2OXOGLUTARATEDEH-RXN,1
RXN0-1138,0
RXN-12089,0
RXN-17873,0
1.14.11.2-RXN,0
RXNN-404,0
RXN-9540,1
2.5.1.19-RXN,1
RXN-8668,0
CYTOCHROME-B5-REDUCTASE-RXN,1.000000e+00
3-OXOACYL-ACP-REDUCT-RXN,0
6.3.5.6-RXN,0
RXN-10462,0
RXN-9276,0
RXN-20897,0
RXN-9518,1
RXN0-947,0
DIHYDROFOLATESYNTH-RXN,0
RXN-924,0
MYO-INOSITOL-1OR-4-MONOPHOSPHATASE-RXN,1
TRANS-RXN-194,0
ADENYLYLSULFKIN-RXN,1
RXN-13301,0
RXN-7698,0
2.4.1.101-RXN,0
RXN-7676,1
RXN0-1134,1
RXN-17875,0
RXNQT-4142,0
RXN-12197,1
MALIC-NADP-RXN,1
RXN490-3641,0
CERAMIDE-KINASE-RXN,0
RXN-9549,1.000000e+00
RXN-10747,0
RXN-1124,1
1.14.19.1-RXN,1
GLUTARATE-SEMIALDEHYDE-DEHYDROGENASE-RXN,0
TRYPSYN-RXN,1
O-SUCCHOMOSERLYASE-RXN,1.000000e+00
GSHTRAN-RXN,0
HISTIDINE--TRNA-LIGASE-RXN,0
RXN-14275,0
RXN-10913,0
RXN-1241,1
R00139,0
R00755,1.000000e+00
R04019,0
R04470,0
dRXN_R04726_MITOCHONDRION,1
R04907,0
dRXN_R04928_CYTOPLASM,1
R04945,1.000000e+00
R07600,0
R07950,0
R08346,0
R08347,0
R08348,0
R08391,0
R09372,0
dRXN_RXN-8309_FAD7_h5_THYLAKOIDPLASTID,1
dRXN_CrDELTA4_FAD_1_CYTOPLASM,1
dRXN_FAD7_h7_CYTOPLASM,1
dRXN_DGDGS_h15_CYTOPLASM,1
dRXN_FAD7_h15_THYLAKOIDPLASTID,1
dRXN_FAD4_CYTOPLASM,1
dRXN_FAD7_h17_THYLAKOIDPLASTID,1
dRXN_FAD7_h18_THYLAKOIDPLASTID,1
dRXN_FAD7_h20_THYLAKOIDPLASTID,1
dRXN_PAP_r8_CYTOPLASM,1
dRXN_StS_h1_CYTOPLASM,1
dRXN_StS_h2_CYTOPLASM,1
R07850,1
tRXN_1-PALMITOYLGLYCEROL-3-PHOSPHATE_en_ch,1.000000e+00
tRXN_2-ACETO-2-HYDROXY-BUTYRATE_ch_cy,1.000000e+00
tRXN_2-C-METHYL-D-ERYTHRITOL-4-PHOSPHATE_mi_ch,1
tRXN_2-D-THREO-HYDROXY-3-CARBOXY-ISOCAPROATE_cy_mi,1
tRXN_2-PHOSPHO-4-CYTIDINE-5-DIPHOSPHO-2-C-MET_mi_ch,1
tRXN_3-oxo-stearoyl-ACPs_cy_mi,1
tRXN_4-CYTIDINE-5-DIPHOSPHO-2-C_ch_mi,1
tRXN_5-AMINO-LEVULINATE_ch_th,1.000000e+00
tRXN_5-P-BETA-D-RIBOSYL-AMINE_mi_ch,1
tRXN_5-PHOSPHORIBOSYL-5-AMINOIMIDAZOLE_ch_ex,1
tRXN_ACETALD_cy_ch,1.000000e+00
tRXN_ADENYLOSUCC_cy_ch,1
tRXN_AMMONIUM_cy_ex,1.000000e+00
tRXN_C05758_ch_cy,1
tRXN_C15493_cy_en,1
tRXN_C16_0-chain_cy_ex,1.000000e+00
tRXN_C18_1-chain_cy_ex,1
tRXN_C18_3-chain_cy_ex,1
tRXN_CARBAMOYL-P_cy_mi,1
tRXN_CARBAMYUL-L-ASPARTATE_cy_mi,1
tRXN_CDP-DGp-34_1_ch_cy,1
tRXN_CDP-ETHANOLAMINE_mi_en,1
tRXN_CHLOROACETIC-ACID_cy_en,1
tRXN_CO-A_cy_en,1
tRXN_CPD-12575_cy_ch,1
tRXN_CPD-13357_cy_ch,1
tRXN_CPD-14553_cy_ch,1
tRXN_CPD-2189_ch_cy,1
tRXN_CPD-8073_ch_th,1
tRXN_CPD-8078_ch_th,1
tRXN_CPD-8078_ch_cy,1
tRXN_CPD-8086_ch_cy,1
tRXN_CPD1F-114_cy_ch,1
tRXN_CPD1F-115_ch_cy,1
tRXN_CPD1F-133_ch_cy,1
tRXN_Charged-GLT-tRNAs_mi_ch,1.000000e+00
tRXN_D-ERYTHRO-IMIDAZOLE-GLYCEROL-P_ch_cy,1
tRXN_DCDP_cy_mi,1
tRXN_DCMP_mi_cy,1
tRXN_DGp-32_0_ch_cy,1
tRXN_DGp-34_1_ch_cy,1
tRXN_DI-H-OROTATE_mi_cy,1
tRXN_G3P_cy_ch,1
tRXN_GERANYLGERANYL-PP_th_ch,1.000000e+00
tRXN_GERANYLGERANYL-PP_th_mi,1
tRXN_GLN_mi_cy,1
tRXN_GLN_mi_ch,1.000000e+00
tRXN_GLUTATHIONE_cy_mi,1
tRXN_GLYCEROL-3P_cy_en,1
tRXN_GLYCEROL-3P_cy_ch,1
tRXN_GMP_mi_cy,1
tRXN_INDOLE-3-GLYCEROL-P_ch_mi,1
tRXN_L-HISTIDINOL-P_cy_ch,1
tRXN_L-ORNITHINE_cy_mi,1
tRXN_LL-DIAMINOPIMELATE_mi_ch,1
tRXN_LPAp-C18_1_ch_cy,1
tRXN_MG-PROTOPORPHYRIN-MONOMETHYL-ESTER_cy_th,1.000000e+00
tRXN_MGDG34-backbone_cy_ex,1.000000e+00
tRXN_MONO-VINYL-PROTOCHLOROPHYLLIDE-A_mi_en,1
tRXN_MYO-INOSITOL_cy_ch,1
tRXN_N-5-PHOSPHORIBOSYL-ANTHRANILATE_cy_ch,1
tRXN_OXIDIZED-GLUTATHIONE_mi_cy,1
tRXN_Oxidized-ferredoxins_th_cy,1
tRXN_PA-32_0_ch_cy,1
tRXN_PA-36_2_3_en_cy,1
tRXN_PAPS_cy_mi,1
tRXN_PAp-34_1_ch_cy,1
tRXN_PE-36_3_1_en_th,1
tRXN_PE-36_4_1_en_cy,1
tRXN_PE36-backbone_cy_ex,1
tRXN_PGPp-34_1_ch_cy,1
tRXN_PHENYL-PYRUVATE_ch_cy,1
tRXN_PHOSPHO-ENOL-PYRUVATE_cy_mi,1
tRXN_PHOSPHO-ENOL-PYRUVATE_cy_ch,1
tRXN_PHOSPHORIBOSYL-ATP_th_cy,1
tRXN_PI-34_1_ch_cy,1
tRXN_PRPP_cy_mi,1
tRXN_PRPP_cy_th,1
tRXN_Pi_ch_mi,1
tRXN_Plastoquinols_th_ch,1
tRXN_R-3-hydroxystearoyl-ACPs_mi_ch,1
tRXN_RIBOSE-5P_ch_cy,1.000000e+00
tRXN_SINAPOYL-COA_cy_en,1
tRXN_SQDGp-32_0_ch_cy,1
tRXN_SQDGp-34_2_ch_th,1
tRXN_STEARIC_ACID_cy_en,1
tRXN_Stearoyl-ACPs_ch_cy,1
tRXN_Stearoyl-ACPs_ch_th,1
tRXN_VAL_mi_cy,1
tRXN_XANTHOSINE-5-PHOSPHATE_cy_mi,1
tRXN_ATP_cy_th,1
tRXN_ATP_cy_en,1
tRXN_GLY_mi_cy,1
tRXN_GLY_mi_ch,1
tRXN_WATER_mi_th,0
tRXN_AMP_mi_cy,1
tRXN_PPI_mi_cy,1
tRXN_SER_mi_cy,1
tRXN_PROTON_th_ex,1
tRXN_OXYGEN-MOLECULE_th_ch,1
tRXN_CO-A_mi_en,1
tRXN_Pi_en_mi,1
tRXN_NADPH_en_th,1
tRXN_WATER_ex_th,1
tRXN_CARBON-DIOXIDE_mi_en,1
tRXN_AMP_ch_cy,1
tRXN_PPI_th_cy,1
tRXN_NAD_ch_en,1
tRXN_S-ADENOSYLMETHIONINE_mi_cy,1.000000e+00
tRXN_NADH_en_ch,1
tRXN_PPI_en_cy,1
tRXN_HOMO-SER_mi_ch,1
tRXN_L-ASPARTATE-SEMIALDEHYDE_mi_cy,1
tRXN_CARBON-DIOXIDE_th_en,1.000000e+00
tRXN_PPI_ch_cy,1
tRXN_AMMONIUM_ch_ex,1.000000e+00
tRXN_L-ALPHA-ALANINE_mi_cy,1
tRXN_PROTOPORPHYRINOGEN_th_ch,1.000000e+00
tRXN_AICAR_ch_mi,1.000000e+00
tRXN_GLYCEROL-3P_mi_en,1
tRXN_NADP_th_en,1
tRXN_2-KETOGLUTARATE_ch_mi,1.000000e+00
tRXN_DPG_ch_cy,1.000000e+00
tRXN_CMP_en_cy,1
tRXN_CPD-8076_th_cy,1
tRXN_OXYGEN-MOLECULE_ex_ch,0
tRXN_OXYGEN-MOLECULE_ex_en,1.000000e+00
tRXN_MET_cy_mi,1
tRXN_Reduced-ferredoxins_cy_th,1
tRXN_AMP_en_cy,1
tRXN_SO3_mi_ch,1
tRXN_DELTA3-ISOPENTENYL-PP_cy_th,1
tRXN_CTP_cy_en,1
tRXN_CTP_cy_ch,1.000000e+00
tRXN_CTP_cy_mi,1
tRXN_IMP_mi_cy,1.000000e+00
tRXN_PROTOPORPHYRIN_IX_ch_cy,1.000000e+00
tRXN_O-PHOSPHO-L-HOMOSERINE_ch_cy,1
tRXN_L-DELTA1-PYRROLINE_5-CARBOXYLATE_mi_cy,1
tRXN_HYDROGEN-PEROXIDE_ch_cy,1
tRXN_FUM_ch_mi,1
tRXN_CPD1F-119_ch_en,1
tRXN_CPD1F-119_ch_cy,1
tRXN_HS_mi_cy,1
tRXN_P-RIBOSYL-4-SUCCCARB-AMINOIMIDAZOLE_cy_ch,1
tRXN_2-KETO-3-METHYL-VALERATE_ch_cy,1.000000e+00
tRXN_UROPORPHYRINOGEN-III_ch_th,1.000000e+00
tRXN_PHE_cy_mi,1
tRXN_DIVINYL-PROTOCHLOROPHYLLIDE-A_th_mi,1
tRXN_DIVINYL-PROTOCHLOROPHYLLIDE-A_th_en,1
tRXN_UMP_th_cy,1
tRXN_CPD1F-129_cy_ch,1
tRXN_DEOXYXYLULOSE-5P_cy_mi,1
tRXN_MESO-DIAMINOPIMELATE_ch_cy,1
tRXN_GERANYL-PP_cy_th,1
tRXN_DCTP_cy_mi,1.000000e+00
tRXN_GLT-tRNAs_ch_mi,1.000000e+00
tRXN_CPD1F-130_ch_cy,1.000000e+00
tRXN_TRP_mi_cy,1
tRXN_PHOSPHORIBOSYL-CARBOXY-AMINOIMIDAZOLE_ex_cy,1
tRXN_ACP_en_mi,1.000000e+00
tRXN_ACP_ch_mi,1.000000e+00
tRXN_Oleoyl-ACPs_th_ch,1
tRXN_SHIKIMATE_cy_mi,1
tRXN_Palmitoyl-ACPs_ch_cy,1.000000e+00
tRXN_Palmitoyl-ACPs_ch_en,1.000000e+00
tRXN_Palmitoyl-ACPs_ch_mi,1.000000e+00
tRXN_PHOSPHORIBULOSYL-FORMIMINO-AICAR-P_cy_ch,1
tRXN_PLASTOQUINONE_ch_th,1
tRXN_MALONYL-COA_en_cy,1
tRXN_MALONYL-COA_en_mi,1
tRXN_5-P-RIBOSYL-N-FORMYLGLYCINEAMIDE_mi_ch,1
tRXN_CHLOROPHYLLIDE-A_mi_th,1
tRXN_PALMITATE_mi_cy,1.000000e+00
tRXN_Beta-3-hydroxybutyryl-ACPs_mi_ch,1
tRXN_L-CITRULLINE_mi_cy,1
tRXN_1-KETO-2-METHYLVALERATE_cy_ch,1.000000e+00
tRXN_HYDROXYMETHYLBILANE_mi_ch,1.000000e+00
tRXN_ASN_mi_ch,1
tRXN_2-KETO-ISOVALERATE_ch_mi,1
tRXN_5-PHOSPHO-RIBOSYL-GLYCINEAMIDE_ch_mi,1
tRXN_PORPHOBILINOGEN_th_mi,1.000000e+00
tRXN_CHORISMATE_mi_cy,1
tRXN_CHORISMATE_mi_ch,1
tRXN_CPD-7015_th_ch,1
tRXN_CPD-12321_mi_cy,1
tRXN_DEHYDROQUINATE_ch_cy,1
tRXN_HISTIDINOL_ch_mi,1
tRXN_HIS_mi_cy,1
tRXN_2C-METH-D-ERYTHRITOL-CYCLODIPHOSPHATE_ch_cy,1
tRXN_CMP_ch_cy,1.000000e+00
tRXN_UMP_mi_cy,1
tRXN_Pi_ex_mi,1
tRXN_PHOSPHORYL-ETHANOLAMINE_cy_mi,1
tRXN_2-OXOBUTANOATE_mi_ch,1.000000e+00
tRXN_SINAPALDEHYDE_en_cy,1
tRXN_CHLOROPHYLLIDE-A_en_ch,1
tRXN_DELTA1-PIPERIDEINE-2-6-DICARBOXYLATE_cy_mi,1
tRXN_CHLOROACETALDEHYDE_en_cy,1
tRXN_DIVINYLCHLOROPHYLLIDE-A_en_mi,1
tRXN_CPD1F-118_cy_en,1
tRXN_CPD1F-118_cy_ch,1
tRXN_UDP_ch_mi,1
tRXN_C05759_mi_ch,1
tRXN_CPD-13713_ch_cy,1
tRXN_C05696_cy_ch,1
tRXN_C16681_en_cy,1
tRXN_MG+2_ex_cy,1.000000e+00
tRXN_C00205_ex_th,1
tRXN_C00205_ex_en,1.000000e+00
tRXN_OROTATE_cy_th,1
tRXN_CPD-2190_th_cy,1
tRXN_DGDGp-34_6_1_cy_th,1
tRXN_DGDGp-34_7_th_cy,1
tRXN_PGpl-34_3_cy_th,1
tRXN_PGpl-34_4_th_cy,1
tRXN_SQDGp-34_3_th_cy,1
tRXN_PE-36_4_th_cy,1
tRXN_C00718_2_cy_ch,1
GLYCEROL-KIN-RXN_r,1
PRPPAMIDOTRANS-RXN_r,1
GCVMULTI-RXN_r,1.000000e+00
RIBULP3EPIM-RXN_r,1
RXN-7660_r,1.000000e+00
RXN-13697_r,1
ATPPHOSPHORIBOSYLTRANS-RXN_r,1
DXPREDISOM-RXN_r,1
HISTAMINOTRANS-RXN_r,1
PYRUVATE-DEHYDROGENASE-NADP+-RXN_r,1
PRTRANS-RXN_r,1
ACETALD-DEHYDROG-RXN_r,1.000000e+00
SULFATE-ADENYLYLTRANS-RXN_r,1.000000e+00
BRANCHED-CHAINAMINOTRANSFERILEU-RXN_r,1.000000e+00
F16ALDOLASE-RXN_r,1
ORNITHINE-GLU-AMINOTRANSFERASE-RXN_r,1
2PGADEHYDRAT-RXN_r,1
RXN1F-72_r,1
dRXN_METHENYLTHFCYCLOHYDRO-RXN_CYTOPLASM_r,1
RXN-7737_r,1
SUCCINATE--COA-LIGASE-GDP-FORMING-RXN_r,1
GLYOHMETRANS-RXN_r,1
PHOSPHOGLUCMUT-RXN_r,1
RXN-7659_r,1.000000e+00
RXN-12112_r,1
METHYLMALONYL-COA-MUT-RXN_r,1.000000e+00
AIRCARBOXY-RXN_r,1
IMPCYCLOHYDROLASE-RXN_r,1.000000e+00
OROPRIBTRANS-RXN_r,1
SERINE--PYRUVATE-AMINOTRANSFERASE-RXN_r,1
RXN0-5224_r,1
ASPARTATE-SEMIALDEHYDE-DEHYDROGENASE-RXN_r,1
DIHYDROOROT-RXN_r,1
PYRUVFORMLY-RXN_r,1
GLUTDEHYD-RXN_r,1
ALANINE--GLYOXYLATE-AMINOTRANSFERASE-RXN_r,1.000000e+00
RXN-12303_r,1
FUMHYDR-RXN_r,1
1.18.1.2-RXN_r,1.000000e+00
RXN-13698_r,1
NADH-DEHYDROG-A-RXN_r,1
ATPSYN-RXN_r,1
SUCCCOASYN-RXN_r,1
RXN-7658_r,1.000000e+00
2TRANSKETO-RXN_r,1
ARGININE-DEIMINASE-RXN_r,1
dRXN_METHYLENETHFDEHYDROG-NADP-RXN_CYTOPLASM_r,1
NADPH-DEHYDROGENASE-RXN_r,8.459852e-01
RXN-10814_r,1
RXN-14819_r,1
RIB5PISOM-RXN_r,1.000000e+00
PREPHENATE-ASP-TRANSAMINE-RXN_r,1
RXN-18432_r,7.462384e-01
R00094_r,1
R00157_r,1
R00708_r,1
R00841_r,1.000000e+00
R00867_r,1
R00926_r,1
R01063_r,1
R01070_r,1
R01248_r,1
R01286_r,1.000000e+00
R01354_r,1
R01618_r,1.000000e+00
R01819_r,1
R02092_r,1
R02235_r,9.756768e-01
R02353_r,1
R03237_r,1
R03321_r,1
R04440_r,1
R04725_r,1
R04779_r,1
R04780_r,1.000000e+00
dRXN_R04928_CHLOROPLAST_r,1
R04930_r,1.000000e+00
dRXN_R04946_CYTOPLASM_r,1
R05064_r,1.000000e+00
R05068_r,1.000000e+00
R06947_r,1
R07491_r,1
R09069_r,1
R10825_r,1
R10827_r,1
R12933_r,1
R12934_r,1
R09145_r,0
dRXN_METHENYLTHFCYCLOHYDRO-RXN_MITOCHONDRION_r,1.000000e+00
ASPAMINOTRANS-RXN_r,1
dRXN_BRANCHED-CHAINAMINOTRANSFERVAL-RXN_MITOCHONDRION_r,1
PROPIONYL-COA-CARBOXY-RXN_r,1.000000e+00
BRANCHED-CHAINAMINOTRANSFERLEU-RXN_r,1
dRXN_METHYLENETHFDEHYDROG-NADP-RXN_MITOCHONDRION_r,1.000000e+00
FORMYLTETRAHYDROFOLATE-DEHYDROGENASE-RXN_r,1.000000e+00
dRXN_ALDXANAU-RXN_ENDOPLASMICRETICULUM_r,1
R03217_r,1.000000e+00
dRXN_R04726_CHLOROPLAST_r,1
dRXN_R04946_CHLOROPLAST_r,1.000000e+00
R05700_r,1
R08385_r,1
dRXN_R11671_CYTOPLASM_r,1
NGAM,0
RXN-8186,0
dRXN_ANTHRANSYN-RXN_CYTOPLASM,0
GLYCINE-AMINOTRANSFERASE-RXN,0
RXN-8307,0
SERINE-GLYOXYLATE-AMINOTRANSFERASE-RXN,0
CTPSYN-RXN,0
BADH-RXN,0
ACETOOHBUTSYN-RXN,0
dRXN_N-ACETYLTRANSFER-RXN_MITOCHONDRION,0
RXN-7978,0
GLUCOSE-6-PHOSPHATE-1-EPIMERASE-RXN,0
RXN-8187,0
AMINOBUTDEHYDROG-RXN,0
PYRUVDEH-RXN,0
S-FORMYLGLUTATHIONE-HYDROLASE-RXN,0
RXN-17523,0
CYTIDINEKIN-RXN,0
SERINE--GLYOXYLATE-AMINOTRANSFERASE-RXN,0
METHIONINE-GAMMA-LYASE-RXN,0
RXN0-6382,0
RXN-14120,0
METBALT-RXN,0
METHANETHIOL-OXIDASE-RXN,0
RXN-2961,0
R00006,0
R00985,0
R02073,0
R03239,0
R10788,0
dRXN_PAP_h1_CHLOROPLAST,0
dRXN_PAP_h2_CHLOROPLAST,0
RXN-8309_FAD7_h5,0
DGDGS_h15,0
FAD7_h15,0
FAD7_h17,0
FAD7_h18,0
ACSERLY-RXN,0
R01773,0
R03596,0
dRXN_R07762_MITOCHONDRION,0
dRXN_PAP_h1_MITOCHONDRION,0
dRXN_PAP_h2_MITOCHONDRION,0
tRXN_3-oxo-stearoyl-ACPs_cy_ch,0
tRXN_ACETYL-GLU_mi_th,0
tRXN_AMMONIA_cy_ch,0
tRXN_BETAINE_cy_en,0
tRXN_C05764_ch_mi,0
tRXN_CARBON-DIOXIDE_cy_en,0
tRXN_CPD-2190_ch_cy,0
tRXN_DGDGp-34_4_4_ch_cy,0
tRXN_MGDGp-34_5_1_ch_cy,0
tRXN_MGDGp-34_7_ch_cy,0
tRXN_OH-PYR_th_mi,0
tRXN_PA-32_0_ch_mi,0
tRXN_PAp-34_1_ch_mi,0
tRXN_PGpl-34_4_ch_cy,0
tRXN_SQDGp-34_3_ch_cy,0
tRXN_WATER_cy_th,0
tRXN_WATER_mi_en,0
tRXN_SER_mi_th,0
tRXN_PROTON_th_ch,0
tRXN_2-KETOGLUTARATE_th_cy,0
tRXN_PYRUVATE_th_ch,0
tRXN_SO3_mi_cy,0
tRXN_AMMONIUM_th_ex,0
tRXN_2-KETO-ISOVALERATE_ch_cy,0
tRXN_THREO-DS-ISO-CITRATE_cy_mi,0
tRXN_CHLOROPHYLLIDE-A_en_th,0
tRXN_BETAINE_ALDEHYDE_en_cy,0
tRXN_UDP_ch_cy,0
tRXN_DGp-32_0_mi_cy,0
tRXN_DGp-34_1_mi_cy,0
ISOCITDEH-RXN,0
RXN-13163,0
dRXN_FORMYLTETRAHYDROFOLATE-DEHYDROGENASE-RXN_CYTOPLASM,0
RXN-14047,0
PREPHENATE-TRANSAMINE-RXN,0
R02740,0
R03050,0
R10948,0
R10949,0
R10995,0
dRXN_ANTHRANSYN-RXN_CHLOROPLAST,0
BRANCHED-CHAINAMINOTRANSFERVAL-RXN,0
dRXN_N-ACETYLTRANSFER-RXN_THYLAKOIDPLASTID,0
dRXN_FORMYLTETRAHYDROFOLATE-DEHYDROGENASE-RXN_MITOCHONDRION,0
R02566,0
dRXN_R07762_CHLOROPLAST,0
PYRNUTRANSHYDROGEN-RXN,0
PYRROLINECARBREDUCT-RXN,0
LCYSDESULF-RXN,0
5-FORMYL-THF-CYCLO-LIGASE-RXN,0
RXN-8014,0
R03920,0
dRXN_R07890_CYTOPLASM,0
R10070,0
dRXN_R07889_ENDOPLASMICRETICULUM,0
tRXN_4-AMINO-BUTYRATE_cy_en,0
tRXN_C16330_cy_en,0
tRXN_GLT_mi_th,0
tRXN_PROTON_th_en,0
tRXN_HOMO-SER_mi_cy,0
tRXN_ANTHRANILATE_ch_cy,0
tRXN_CHLOROPHYLLIDE-A_mi_ch,0
tRXN_4-AMINO-BUTYRALDEHYDE_en_cy,0
tRXN_C16328_en_cy,0
SUCROSE-SYNTHASE-RXN,0
ACONITATEDEHYDR-RXN,0
ACONITATEHYDR-RXN,0
3-ISOPROPYLMALISOM-RXN,0
R01991,0
R01992,0
R04001,0
dRXN_R07889_CYTOPLASM,0
R11579,0
RXN-14209,0
R04946,0
dRXN_R07890_ENDOPLASMICRETICULUM,0
5.1.1.18-RXN,0
dRXN_RXN-8304_CHLOROPLAST,0
2.7.1.90-RXN,0
GABATRANSAM-RXN,0
PGLUCISOM-RXN,0
dRXN_RXN-8294_CHLOROPLAST,0
RXN-14117,0
RXN-20408,0
R04543,0
R04566,0
R04681,0
R04961,0
dRXN_R04963_CYTOPLASM,0
R04967,0
R04970,0
R10992,0
R11099,0
dRXN_RXN-1728_FAD5_h3_CHLOROPLAST,0
dRXN_RXN-8302_FAD6_h4_CHLOROPLAST,0
dRXN_RXN-8305_FAD6_h5_CHLOROPLAST,0
dRXN_FAD7_h9_CHLOROPLAST,0
FAD7_h20,0
dRXN_RXN-8304_ENDOPLASMICRETICULUM,0
dRXN_RXN-8294_ENDOPLASMICRETICULUM,0
dRXN_RXN-14209_MITOCHONDRION,0
RETINAL-DEHYDROGENASE-RXN,0
dRXN_RXN-1728_FAD5_h3_ENDOPLASMICRETICULUM,0
dRXN_RXN-8302_FAD6_h4_ENDOPLASMICRETICULUM,0
dRXN_RXN-8305_FAD6_h5_ENDOPLASMICRETICULUM,0
dRXN_FAD7_h9_THYLAKOIDPLASTID,0
dRXN_CrDELTA4_FAD_4_CYTOPLASM,0
tRXN_1-L-MYO-INOSITOL-1-P_cy_ch,0
tRXN_C05756_cy_ch,0
tRXN_C18_0-chain_cy_ex,0
tRXN_CPD-2187_ch_en,0
tRXN_CPD-2188_ch_cy,0
tRXN_DG-36_1_2_en_cy,0
tRXN_DGp-34_0_ch_cy,0
tRXN_FERULOYL-COA_cy_en,0
tRXN_GLT_mi_ch,0
tRXN_L-ASPARTATE_cy_ch,0
tRXN_L-BETA-ASPARTYL-P_cy_mi,0
tRXN_LPAp-C18_0_ch_cy,0
tRXN_MALONYL-ACP_cy_mi,0
tRXN_Oleoyl-ACPs_cy_ch,0
tRXN_PA-36_1_en_cy,0
tRXN_PAp-34_0_ch_cy,0
tRXN_PE-36_3_1_en_cy,0
tRXN_PE-36_4_en_cy,0
tRXN_SQDGp-34_1_ch_cy,0
tRXN_WATER_ch_en,0
tRXN_WATER_ch_mi,0
tRXN_PROTON_en_th,0
tRXN_GLY_mi_th,0
tRXN_WATER_th_mi,0
tRXN_ACETYL-COA_mi_ch,0
tRXN_NADPH_en_ch,0
tRXN_NADP_ch_en,0
tRXN_CARBON-DIOXIDE_th_ex,0
tRXN_AMMONIUM_ch_mi,0
tRXN_GLYOX_th_cy,0
tRXN_GLYCEROL-3P_mi_ch,0
tRXN_2-KETOGLUTARATE_ch_cy,0
tRXN_Oxidized-ferredoxins_en_cy,0
tRXN_OXYGEN-MOLECULE_ex_cy,0
tRXN_OXYGEN-MOLECULE_ex_th,0
tRXN_OXALACETIC_ACID_ch_mi,0
tRXN_Reduced-ferredoxins_cy_en,0
tRXN_FRUCTOSE-16-DIPHOSPHATE_cy_ch,0
tRXN_CO-A_ch_en,0
tRXN_4-AMINO-BUTYRATE_mi_en,0
tRXN_CPD-8079_th_cy,0
tRXN_2-D-THREO-HYDROXY-3-CARBOXY-ISOCAPROATE_ch_mi,0
tRXN_4-AMINO-BUTYRALDEHYDE_en_mi,0
tRXN_CONIFERYL-ALDEHYDE_en_cy,0
tRXN_C05754_ch_cy,0
tRXN_CPD-8077_en_th,0
tRXN_CPD-8077_en_cy,0
tRXN_CPD-2189_en_cy,0
dRXN_GLYOHMETRANS-RXN_MITOCHONDRION,0
dRXN_ALANINE--GLYOXYLATE-AMINOTRANSFERASE-RXN_MITOCHONDRION,0
R04544,0
R04568,0
R04682,0
R04726,0
R04962,0
R04968,0
R07762,0
dRXN_GLYOHMETRANS-RXN_CYTOPLASM,0
dRXN_ALANINE--GLYOXYLATE-AMINOTRANSFERASE-RXN_CYTOPLASM,0
dRXN_RXN-14209_ENDOPLASMICRETICULUM,0
dRXN_R04963_CHLOROPLAST,0
R11671,0
EXC_BOTH_WATER_b,1
EXC_BOTH_PROTON_b,0
EXC_BOTH_Pi_b,1
EXC_BOTH_AMMONIUM_b,0
EXC_BOTH_SULFATE_b,0
EXC_BOTH_FE+2_b,0
EXC_BOTH_CARBON-DIOXIDE_b,1
EXC_BOTH_MG+2_b,1.000000e+00
EXC_BOTH_C00205_b,1
EXC_BOTH_OXYGEN-MOLECULE_b,1.000000e+00
